Country,Title,Author(s),Year published..,Type,Notes,Year published,Year Banned,Year Unbanned,0,1,Author,Year banned,Year unbanned,Year published (South Korea)
Bible,Përbindëshi (The Monster) (1965),Ismail Kadare,1965–1990,Novel,Banned for 25 years in Albania.[3],,,,,,,,,
Albania,Përbindëshi (The Monster) (1965),Ismail Kadare,1965–1990,Novel,Banned for 25 years in Albania.[3],,,,,,,,,
Argentina,Lolita (1955),Vladimir Nabokov,,Novel,"Banned for being ""obscene"".[4]",1955,,,,,,,,
Australia,The Decameron,Giovanni Boccaccio,,Story collection,Banned in Australia from 1927 to 1936 and from 1938 to 1973.[5],1353,1927,1936,,,,,,
Australia,The 120 Days of Sodom (1789),Marquis de Sade,,Novel,Banned by the Australian Government in 1957 for obscenity.[6],1789,1957,*Unknown*,,,,,,
Australia,Droll Stories,Honoré de Balzac,,Short stories,Banned for obscenity from 1901 to 1923 and 1928 to c.1973.[7][8],1837,"1901, 1928","1923, 1973",,,,,,
Australia,The Straits Impregnable,Sydney Loch,,Fictionalised Autobiography,"First edition published as a novel, second edition banned by the military censor in Australia under regulations of the War Precautions Act 1914.[9]",1916,1914,*Unknown*,,,,,,
Australia,Lady Chatterley's Lover (1928),D. H. Lawrence,,Novel,Banned from 1929 to 1965.[10][11],1928,1929,1965,,,,,,
Australia,Rowena Goes Too Far (1931),H. C. Asterley,,Novel,"Banned in Australia because of customs belief that it ""lacked sufficient claim to the literary to excuse the obscenity""[12]",1931,*Unknown*,*Unknown*,,,,,,
Australia,Brave New World,Aldous Huxley,,Novel,Banned in Australia from 1932 to 1937.[10],1932,1932,1937,,,,,,
Australia,The Cautious Amorist,Norman Lindsay,,Novel,Banned in Australia from 1933 to 1953.[13],1932,1933,1953,,,,,,
Australia,Age of Consent,Norman Lindsay,,Novel,"Banned in Australia, briefly, in 1938.[14]",1938,1938,by 1939,,,,,,
Australia,Forever Amber (1944),Kathleen Winsor,,Novel,"Banned by Australia in 1945 as ""a collection of bawdiness, amounting to sex obsession.""[15][16]",1944,1945,*Unknown*,,,,,,
Australia,Borstal Boy,Brendan Behan,,Autobiographical novel,Banned shortly after its ban in Ireland in 1958.[17],1958,1958,*Unknown*,,,,,,
Australia,Another Country,James Baldwin,,Novel,"Banned in Australia by the Commonwealth Customs Department in February 1963. The Literature Censorship Board described it as ""continually smeared with indecent, offensive and dirty epithets and allusions,"" but recommended that the book remain available to ""the serious minded student or reader."" The ban was lifted in May 1966.[18]",1962,1963,1966,,,,,,
Australia,Ecstasy and Me,Hedy Lamarr,,Autobiography,Banned in Australia from 1967 until 1973.[10],1966,1967,1973,,,,,,
Australia,The World Is Full of Married Men (1968),Jackie Collins,,Novel,Banned in Australia in 1968.[10],1968,1968,*Unknown*,,,,,,
Australia,The Stud (1969),Jackie Collins,,Novel,Banned in Australia in 1969.[10][further explanation needed],1969,1969,*Unknown*,,,,,,
Australia,The Anarchist Cookbook,William Powell,,Instructional,"The book was refused classification in 1985 thus making it banned in Australia under the National Classification Code Table 1.(c) for publications that could ""promote, incite or instruct in matters of crime or violence""[10] [19][20]",1971,1985,Currently banned,,,,,,
Australia,How to make disposable silencers (1984),Desert and Eliezer Flores,,Instructional,"An example of a class of books banned in Australia that ""promote, incite or instruct in matters of crime or violence"".[21][22]",1984,*Unknown*,*Unknown*,,,,,,
Australia,American Psycho,Bret Easton Ellis,,Novel,Sale and purchase was banned in the Australian State of Queensland. Now available in public libraries and for sale to people 18 years and older. Sale restricted to persons at least 18 years old in the other Australian states.[23],1991,1991,1992 (ages 18+) *Unknown* (younger than 18),,,,,,
Australia,A Sneaking Suspicion (1995),John Dickson,,Religious text,"Banned by the New South Wales Department of Education and Communities from state schools May 6, 2015, on the basis of a ""potential risk to students in the delivery of this material, if not taught sensitively and in an age appropriate manner.""[24] The ban was lifted May 18, 2015.",1995,2015,2015,,,,,,
Australia,The Peaceful Pill Handbook (2007),Philip Nitschke and Fiona Stewart,,Instructional manual on euthanasia,The book was initially restricted in Australia:[25] after review the 2007 edition was banned outright.[22][26][27],2007,2007,2007,,,,,,
Australia,You: An Introduction (2008),Michael Jensen,,Religious text,"Banned by the New South Wales Department of Education and Communities from state schools May 6, 2015, on the basis of a ""potential risk to students in the delivery of this material, if not taught sensitively and in an age appropriate manner.""[24] The ban was lifted May 18, 2015.",2008,2015,2015,,,,,,
Australia,"No Game No Life (Volumes 1, 2, 9)",Yuu Kamiya,,Novel,"Light novel volumes banned in Australia due to depiction which ""in a way that is likely to cause offence to a reasonable adult, a person who is, or appears to be, a child under 18"".[28]",2012–2016,2020,*Unknown*,,,,,,
Austria,The Sorrows of Young Werther,Johann Wolfgang von Goethe,,Novel,Banned by the authorities in the Austrian territories ruled by the Habsburg monarchy.[29],1774,*Unknown*,*Unknown*,,,,,,
Austria,Works,Karl Marx,,Non-fiction,All of Marx's works were banned in Austria after the country was annexed by Nazi Germany.[29],1841–1883,1938,*Unknown*,,,,,,
Austria,Works,Albert Einstein,,Non-fiction,"All of Einstein's works published up to 1938 were banned in Austria, after it was annexed by Nazi Germany.[29]",1901–1938,1938,*Unknown*,,,,,,
Austria,Mein Kampf (1925),Adolf Hitler,,Political manifesto,"In Austria, the Verbotsgesetz 1947 prohibits the printing of the book. It is illegal to own[citation needed] or distribute existing copies.[30] Following the general prohibition of advocating the Nazi Party or its aims in § 3 and of re-founding Nazi organizations in § 1, § 3 d. of the Verbotsgesetz states: ""Whoever publicly or before several people, in printed works, disseminated texts or illustrations requests, encourages or seeks to induce others to commit any of the acts prohibited under § 1 or § 3, especially if for this purpose he glorifies or advertises the aims of the Nazi Party, its institutions or its actions, provided that it does not constitute a more serious criminal offense, will be punished with imprisonment from five to ten years, or up to twenty years if the offender or his actions are especially dangerous.""[30]",1925,1947,,,,,,,
Bangladesh,Rangila Rasul (1927),Pandit M. A. Chamupati,,Religious,"Currently banned in India, Pakistan, and Bangladesh.[31]",1927,,,,,,,,
Bangladesh,The Satanic Verses (1988),Salman Rushdie,,Novel,Banned for blasphemy against Islam. Salman received a fatwa for his alleged blasphemy[32],1988,,,,,,,,
Bangladesh,Naree (1992),Humayun Azad,,Criticism,"Banned in Bangladesh in 1995,[33] though the ban was later lifted in 2000.[34]",1992,,,,,,,,
Bangladesh,Lajja (1993),Taslima Nasrin,,Novel,"Banned in Bangladesh,[35][36] and a few states of India. Other books by her were also banned in Bangladesh or in the Indian state of West Bengal. Amar Meyebela (My Girlhood, 2002), the first volume of her memoir, was banned by the Bangladeshi government in 1999 for ""reckless comments"" against Islam and the prophet Mohammad.[37] Utal Hawa (Wild Wind), the second part of her memoir, was banned by the Bangladesh government in 2002.[38] Ka (Speak up), the third part of her memoir, was banned by the Bangladeshi High Court in 2003. Under pressure from Indian Muslim activists, the book, which was published in West Bengal as Dwikhandita, was banned there also; some 3,000 copies were seized immediately.[39] The decision to ban the book was criticised by ""a host of authors"" in West Bengal,[40] but the ban was not lifted until 2005.[41][42] Sei Sob Ondhokar (Those Dark Days), the fourth part of her memoir, was banned by the Bangladesh government in 2004.[43][44]",1993,,,,,,,,
Belgium,"Uitgeverij Guggenheimer (""Guggenheimer Publishers"") (1999)",Herman Brusselmans,,Novel,Banned in Belgium because this satirical novel offended fashion designer Ann Demeulemeester by making derogatory remarks about her personal looks and profession. A court decided the book was an insult to the individual's private life and ordered it to be removed from the stores.[45][46][47],1999,,,,,,,,
Bosnia and Herzegovina,The Mountain Wreath (1847),Petar II Petrović-Njegoš,,Drama in verse,Banned in Bosnian schools by Carlos Westendorp.[citation needed],1847,,,,,,,,
Brazil,Happy New Year (1975),Rubem Fonseca,,Fiction,Banned in Brazil by the censorship during the military dictatorship.[48],1975,,,,,,,,
Canada,,,,,,,,,,This list is incomplete; you can help by adding missing items. (August 2023),,,,
Chile,How to Read Donald Duck,Ariel Dorfman and Armand Mattelart,,Non-fiction,Banned in Pinochet's Chile. The Chilean army publicly burned copies of the book.[59],1971,,,,,,,,
Chile,The House of the Spirits,Isabel Allende,,Novel,Banned in Pinochet's Chile.[60],1982,,,,,,,,
Chile,Clandestine in Chile,Gabriel García Márquez,,Non-fiction,"Banned in Pinochet's Chile. On November 28, 1986, the Chilean customs authorities seized almost 15,000 copies of Clandestine in Chile, which were later burned by military authorities in Valparaíso.[61]",1986,,,,,,,,
China,The White Disease (1937),,,Play,Banned by government of Second Czechoslovak Republic in 1938.,1937,,,,,Karel Čapek,1938.0,1945.0,
China,Animal Farm (1945),,,Political novella,Banned by government in 1948.[112],1946,,,,,George Orwell,1948.0,1968.0,
Czechoslovakia,The White Disease (1937),,,Play,Banned by government of Second Czechoslovak Republic in 1938.,1937,,,,,Karel Čapek,1938.0,1945.0,
Czechoslovakia,Animal Farm (1945),,,Political novella,Banned by government in 1948.[112],1946,,,,,George Orwell,1948.0,1968.0,
Egypt,A Feast for the Seaweeds (Walimah li A'ashab al-Bahr),Haidar Haidar,,Novel,"Banned in Egypt and several other Arab states, and even resulted in a belated angry reaction from the clerics of Al-Azhar University upon reprinting in Egypt in the year 2000. The clerics issued a fatwa banning the novel, and accused Haidar of heresy and offending Islam. Al-Azhar University students staged huge protests against the novel, that eventually led to its confiscation.[113][114][115]",1983,,,,,,,,
Egypt,The Satanic Verses (1988),Salman Rushdie,,Novel,Banned for blasphemy against Islam.[32],1988,,,,,,,,
El Salvador,One Day of Life (1980),Manlio Argueta,,Novel,Banned by El Salvador for its portrayal of human rights violations.[116],1980,,,,,,,,
Eritrea,I Didn't Do It for You: How the World Betrayed a Small African Nation (2005),Michela Wrong,,History,Banned in Eritrea in 2014 for its criticism of President Isaias Afewerki.[117][failed verification],2005,,,,,,,,
Eritrea,My Father's Daughter (2005),Hannah Pool,,Biography,Banned in Eritrea in 2014 for political content.[117][failed verification],2005,,,,,,,,
Eritrea,Scouting for the Reaper (2014),Jacob M. Appel,,Fiction,Banned in Eritrea in 2014 for its criticism of civil liberties under President Isaias Afewerki.[117][failed verification],2014,,,,,,,,
France,Les Mœurs,François-Vincent Toussaint,,Book,Officially banned in France in 1748.[118],,,,,,,,,
France,Madame Bovary (1856),Gustave Flaubert,,Novel,"After appearing as a successful serial in the Revue de Paris Gustave Flaubert's Madame Bovary went on trial in France on January 30, 1857, for ""offenses against public morals"", but did not succeed in court.",1856.0,,,,,,,,
France,Lolita (1955),Vladimir Nabokov,,Novel,"French officials banned it for being ""obscene"".[4]",1955.0,,,,,,,,
France,Suicide mode d'emploi (1982),Claude Guillon,,Instructional,"This book, reviewing recipes for committing suicide, was the cause of a scandal in France in the 1980s, resulting in the enactment of a law prohibiting provocation to commit suicide and propaganda or advertisement of products, objects, or methods for committing suicide.[119] Subsequent reprints were thus illegal. The book was cited by name in the debates of the French National Assembly when examining the bill.[120]",1982.0,,,,,,,,
Germany,Berlin Garden of Erotic Delights,"Erwin von Busse under the pseudonym ""Granand""",,Short story collection,"Banned for ""indecency"" by courts in Berlin and Leipzig[121]",1920,,,,,,,,
Greece,Lysistrata (411 BC),Aristophanes,,Play,Banned in 1967 in Greece because of its anti-war message.[133],,,,,,,,,
Guatemala,Mein Kampf (1925),Adolf Hitler,,Political manifesto,Banned during the regime of Jorge Ubico along with anti-Hitler writings such as by those of Hermann Rauschning in order to encourage political neutrality in WWII.[134],1925,,,,,,,,
Guatemala,El Señor Presidente,Miguel Ángel Asturias,,Novel,Banned in Guatemala because it went against the ruling political leaders.[135],1946,,,,,,,,
India,The Fugitive (Perburuan) (1950),Pramoedya Ananta Toer,,Novel,"Banned in Indonesia in 1950, for containing ""subversive"" material, including an attempt to promote Marxist–Leninist thought and other Communist theories. As of 2006, the ban is still in effect.[136]",1950,,,,,,,,
India,All Chinese literature,,,Literature and Culture,"Presidential Instruction No. 14/1967 (Inpress No. 14/1967) on Chinese Religion, Beliefs, and Traditions effectively banned any Chinese literature in Indonesia, including the prohibition of Chinese characters.",1967,,,,,,,,
India,The Satanic Verses (1988),Salman Rushdie,,Novel,Banned for blasphemy against Islam.[137],1988,,,,,,,,
India,Interest,Kevin Gaughen,,Novel,Banned by the government of Indonesia for subversive and/or anti-government themes.,2015,,,,,,,,
Indonesia,The Fugitive (Perburuan) (1950),Pramoedya Ananta Toer,,Novel,"Banned in Indonesia in 1950, for containing ""subversive"" material, including an attempt to promote Marxist–Leninist thought and other Communist theories. As of 2006, the ban is still in effect.[136]",1950,,,,,,,,
Indonesia,All Chinese literature,,,Literature and Culture,"Presidential Instruction No. 14/1967 (Inpress No. 14/1967) on Chinese Religion, Beliefs, and Traditions effectively banned any Chinese literature in Indonesia, including the prohibition of Chinese characters.",1967,,,,,,,,
Indonesia,The Satanic Verses (1988),Salman Rushdie,,Novel,Banned for blasphemy against Islam.[137],1988,,,,,,,,
Indonesia,Interest,Kevin Gaughen,,Novel,Banned by the government of Indonesia for subversive and/or anti-government themes.,2015,,,,,,,,
Iran,The Satanic Verses (1988),Salman Rushdie,,Novel,Banned for blasphemy against Islam.[32],1988,,,,,,,,
Iran,The Gods Laugh on Mondays (1995),Reza Khoshnazar,,Novel,Was banned in Iran after men torched its publication house.[138],1995,,,,,,,,
Ireland,Christianity not Mysterious,John Toland,,Non-fiction,Banned by the Irish Parliament for contradicting the teaching of the Anglican Church. Copies of the book were burnt by the public hangman in Dublin.[139],1696,,,,,,,,
Ireland,Droll Stories,Honoré de Balzac,,Short stories,Banned for obscenity in 1953. The ban was lifted in 1967.[8],1837,,,,,,,,
Ireland,Married Love,Marie Stopes,,Non-fiction,Banned by the Irish Censorship Board for discussing birth control.[140],1918,,,,,,,,
Ireland,And Quiet Flows the Don,Mikhail Sholokhov,,Novel Sequence,"The English translations of Sholokhov's work were banned for ""indecency"".[141]",1928–1940,,,,,,,,
Ireland,Elmer Gantry,Sinclair Lewis,,Novel,Elmer Gantry was banned in the Irish Free State.[142],1927,,,,,,,,
Ireland,The House of Gold,Liam O'Flaherty,,Novel,"The first book to be banned by the Irish Free State for alleged ""indecency"". Republished in 2013.[143]",1929,,,,,,,,
Ireland,A Farewell to Arms,Ernest Hemingway,,Novel,Suppressed in the Irish Free State.[141],1929,,,,,,,,
Ireland,Marriage and Morals,Bertrand Russell,,Non-fiction,"Suppressed in the Irish Free State for discussing sex education, birth control and open marriages.[141]",1929,,,,,,,,
Ireland,Commonsense and the Child,Ethel Mannin,,Non-fiction,Banned in the Irish Free State for advocating sex education for adolescents.[141],1931,,,,,,,,
Ireland,The Bulpington of Blup,H. G. Wells,,Novel,Banned in the Irish Free State.[142],1932,,,,,,,,
Ireland,Brave New World,Aldous Huxley,,Novel,"Banned in Ireland in 1932, allegedly because of references of sexual promiscuity.[140]",1932,,,,,,,,
Ireland,"The Work, Wealth and Happiness of Mankind",H. G. Wells,,Non-fiction,Banned in the Irish Free State.[142],1932,,,,,,,,
Ireland,Men of Good Will,Jules Romains,,Novel Sequence,The English translations of Romains' novel sequence were banned in the Irish Free State.[141],1932–1946,,,,,,,,
Ireland,The Martyr,Liam O'Flaherty,,Novel,Banned in the Irish Free State.[142],1933,,,,,,,,
Ireland,The Laws of Life,Halliday Sutherland,,Non-fiction,Banned in the Irish Free State for discussing sex education and Calendar-based contraceptive methods – even though The Laws of Life had been granted a Cum permissu superiorum endorsement by the Roman Catholic Diocese of Westminster.[144],1935,,,,,,,,
Ireland,Honourable Estate,Vera Brittain,,Novel,Banned in the Irish Free State.[141],1936,,,,,,,,
Ireland,I Knock at the Door,Seán O'Casey,,Autobiography,Banned in Ireland.[144],1939,,,,,,,,
Ireland,Dutch Interior,Frank O'Connor,,Novel,Banned in Ireland.[144],1940,,,,,,,,
Ireland,The Tailor and Ansty,Eric Cross,,Non-fiction,Banned by the Irish censors for discussing sexuality in rural Ireland.[145],1942,,,,,,,,
Ireland,Borstal Boy,Brendan Behan,,Autobiographical novel,"Banned in Ireland in 1958. The Irish Censorship of Publications Board was not obliged to reveal its reason but it is believed that it was rejected for its critique of Irish republicanism and the Catholic Church, and its depiction of adolescent sexuality.[17]",1958,,,,,,,,
Ireland,The Country Girls,Edna O'Brien,,Novel,Banned by Ireland's censorship board in 1960 for its explicit sexual content.[146][147],1960,,,,,,,,
Ireland,The Lonely Girl (1962),Edna O'Brien,,Novel,"Banned in Ireland in 1962 after Archbishop John Charles McQuaid complained personally to Justice Minister Charles Haughey that it ""was particularly bad"".[147]",1962,,,,,,,,
Ireland,The Dark,John McGahern,,Novel,Banned in Ireland for obscenity.[148],1965,,,,,,,,
Ireland,My Secret Garden,Nancy Friday,,Non-fiction,Banned in Ireland for its sexual content.[149],1973,,,,,,,,
Italy,All Quiet on the Western Front,Erich Maria Remarque,,Fiction,Banned in Fascist Italy because of its antimilitarism (currently not banned).[150],1928,,,,,,,,
Italy,A Farewell to Arms,Ernest Hemingway,,Fiction,Banned in Fascist Italy for depicting the Italian Army's defeat at the Battle of Caporetto (currently this book is not banned).[151],1929,,,,,,,,
Japan,Little Black Sambo (1899),Helen Bannerman,,Children's story,"Banned in Japan (1988–2005) to quell ""political threats to boycott Japanese cultural exports"", although the pictures were not those of the original version.[152]",1899,,,,,,,,
Kenya,The Satanic Verses (1988),Salman Rushdie,,Novel,Banned for blasphemy against Islam.[32],1988,,,,,,,,
Kuwait,The Satanic Verses (1988),Salman Rushdie,,Novel,Banned for blasphemy against Islam.[32],1988,,,,,,,,
Lebanon,Sophie's Choice (1979),William Styron,,Novel,Banned in Lebanon for its positive depiction of Jews.[126],1979,,,,,,,,
Lebanon,Schindler's Ark (1982),Thomas Keneally,,Novel,Banned in Lebanon for its positive depiction of Jews.[126],1982,,,,,,,,
Lebanon,The Da Vinci Code,Dan Brown,,Novel,Banned in September 2004 in Lebanon after Catholic leaders deemed it offensive to Christianity. (See Inaccuracies in The Da Vinci Code.)[126][153],2003,,,,,,,,
Lebanon,Grover's Eight Nights of Light,Jodie Shepherd,,Sesame Street book,Banned in 2017 for promoting Hanukkah.,2017,,,,,,,,
Liberia,The Satanic Verses (1988),Salman Rushdie,,Novel,Banned for blasphemy against Islam.[32],1988,,,,,,,,
Malaysia,The Satanic Verses (1988),Salman Rushdie,,Novel,Banned for blasphemy against Islam.[32],1988,,,,,,,,
Malaysia,Onward Muslim Soldiers,Robert Spencer,,Non-fiction,"On July 12, 2007, the government of Malaysia announced a ban on Spencer's book, citing ""confusion and anxiety among the Muslims"" as the cause.[154]",2003,,,,,,,,
Malaysia,Fifty Shades Trilogy,E L James,,Novel,"The entire trilogy was banned in Malaysia from 2015 for containing ""sadistic"" material and ""threat to morality"".[155]",2011–12,,,,,,,,
Malaysia,The Mask of Sanity (2017),Jacob M. Appel,,Novel,Banned preemptively in Malaysia for blasphemy.[156],2017,,,,,,,,
Malaysia,"Rebirth: Reformasi, Resistance, and Hope in New Malaysia",Kean Wong,,Non- fiction,"Banned for containing insulting elements to the Malaysian coat of arms which is likely to be prejudicial to public order, security, national interest, alarm public opinion and contrary to any law, and therefore is ""absolutely prohibited throughout Malaysia"".[157]",2020,,,,,,,,
Malaysia,Gay is OK! A Christian Perspective(2013–2022),Boon Lin Ngeo,,Non-fiction,"Banned for attempting to promote homosexual culture in Malaysia, which goes against religious and cultural sensitivities in the country.[158] In 2022, the ban was challenged through a judicial review petition in High Court of Kuala Lumpur. The court quashed the ban and ordered the Home Ministry of Malaysia to pay RM 5000 to the author.[159]",2013,,,,,,,,
Malaysia,Peichi (Tamil: ''பேய்ச்சி''),Ma. Naveen,,Novel,"Banned for containing pornographic and immoral content.[160] Notably, it was the first Tamil language publication to be banned in the country.",2020,,,,,,,,
Morocco,Notre ami le roi (1993),Gilles Perrault,,Biography of Hassan II of Morocco,"Banned in Morocco. This book is a biography of King Hassan and examines cases of torture, killing, and political imprisonment said to have been carried out by the Moroccan Government at his orders.[161]",1993,,,,,,,,
Morocco,Le roi prédateur (2012),Catherine Graciet and Éric Laurent,,Investigative Journalism,"Banned in Morocco. This book makes allegedly ""defamatory"" accusations of corruption against Mohammed VI of Morocco, after investigating the exponential growth of his wealth.[162][163]",2012,,,,,,,,
Mauritius,The Rape of Sita (1993),Lindsay Collen,,Novel,Banned for blasphemy against Hindu goddess.,1993,,,,,,,,
Nepal,The Satanic Verses (1988),Salman Rushdie,,Novel,Banned for blasphemy against Islam.[32],1988,,,,,,,,
Nepal,A Modern Approach to Social Studies (2010),Unknown,,School textbook,Banned for blasphemy against Islam.[164],2010,,,,,,,,
Nepal,Self Study Material on Nepal's Territory and Border (2020),"Ministry of Education, Science and Technology",,Map book,Banned for irredentist views regarding the country's neighbors.[164][failed verification],2020,,,,,,,,
Netherlands,The Cover-up General,Edwin Giltay,,Non-fiction thriller,Banned in the Netherlands by court order in 2015 as a former spy of Dutch military intelligence claimed she was described falsely in this Srebrenica book.[165] Ban lifted by the Court of Appeal of The Hague in 2016.[166][167],2014,,,,,,,,
New Zealand,Lolita (1955),Vladimir Nabokov,,Novel,"Banned for being ""obscene""; uncensored in 1964.[4]",1955,,,,,,,,
New Zealand,Borstal Boy,Brendan Behan,,Autobiographical novel,Banned shortly after its ban in Ireland in 1958. It was allowed to be published in New Zealand in 1963.[17],1958,,,,,,,,
New Zealand,The Peaceful Pill Handbook (2007),Philip Nitschke and Fiona Stewart,,Instructional manual on euthanasia,Initially banned in New Zealand by Office of Film & Literature Classification since it was deemed to be objectionable.[168] In May 2008 an edited version of the book was allowed for sale if sealed and an indication of the censorship classification was displayed.,2007,,,,,,,,
New Zealand,Into the River (2012),Ted Dawe,,Novel,Banned in New Zealand in 2015; subsequently unrestricted in the same year.[169],2012,,,,,,,,
New Zealand,The Great Replacement (2019),Brenton Harrison Tarrant,,Manifesto,The Christchurch shooter's manifesto was banned shortly after it appeared on the internet in 2019.,2019,,,,,,,,
Nigeria,My Watch (2005),Olusegun Obasanjo,,Autobiography,Banned in Nigeria because this three-volume memoirs of the former Nigerian president were highly critical of nearly everyone in Nigerian politics. The books were ordered to be seized by the High Court in Nigeria until a libel case had been heard in court.[170],2014,,,,,,,,
Norway,Fra Kristiania-Bohêmen,Hans Jæger,,Novel,Sexually explicit.[171],1885,,,,,,,,
Norway,Albertine,Christian Krohg,,Novel,Sexually explicit.[172],1886,,,,,,,,
Norway,Snorri the Seal (1941),Frithjof Sælen,,Fable,Satirical book banned during the German occupation of Norway.[173],1941,,,,,,,,
Norway,The Song of the Red Ruby,Agnar Mykle,,Novel,Sexually explicit. Ban lifted 1958.[174],1956,,,,,,,,
Norway,Without a Stitch,Jens Bjørneboe,,Novel,Sexually explicit. Ban never formally lifted.[175],1966,,,,,,,,
Pakistan,On the Origins and Perpetual Use of the Legislative Powers of the Apostolic Kings of Hungary in Matters Ecclesiastical (1764),Adam F. Kollár,,Political,Banned in the Papal States for arguments against the political role of the Roman Catholic Church.[176] Original title: De Originibus et Usu perpetuo.,1764,,,,,,,,
Papal States,On the Origins and Perpetual Use of the Legislative Powers of the Apostolic Kings of Hungary in Matters Ecclesiastical (1764),Adam F. Kollár,,Political,Banned in the Papal States for arguments against the political role of the Roman Catholic Church.[176] Original title: De Originibus et Usu perpetuo.,1764,,,,,,,,
Papua New Guinea,The Satanic Verses (1988),Salman Rushdie,,Novel,Banned for blasphemy against Islam.[32],1988,,,,,,,,
Philippines,Noli Me Tángere,Jose Rizal,,Novel,Banned by Spanish colonial authorities in the Philippines due to being critical to the Spanish government.[177],1887.0,,,,,,,,
Philippines,El Filibusterismo,Jose Rizal,,Novel,Banned by Spanish colonial authorities in the Philippines due to being critical to the Spanish government.[177],1891.0,,,,,,,,
Philippines,The Conjugal Dictatorship of Ferdinand and Imelda Marcos,Primitivo Mijares,,Non-fiction,Banned for during the Martial Law period due to being critical of the administration of President Ferdinand Marcos.[178],1976.0,,,,,,,,
Philippines,The Untold Story of Imelda Marcos,Carmen Navarro Pedrosa,,Biography,"Banned in 1972, shortly after the start of the Martial Law period under President Ferdinand Marcos. The ""unauthorized"" biography was banned for the depiction of First Lady Imelda Marcos' extravagance.[178]",,,,,,,,,
Philippines,"Tawid diwa sa pananagisag ni Bienvenido Lumbera: Ang Bayan, ang Nanunulat at ang Magasing Sagisag sa Imahinatibong Yugto ng Batas Militar 1975–1979",Dexter Cayanes,,,"Research on the literary works by Bienvenido Lumbera, who was imprisoned during the Martial Law period under President Ferdinand Marcos. Banned in 2022 by the Commission on the Filipino Language (KWF) from public libraries and schools for being ""anti-government"".[179]",,,,,,,,,
Philippines,Teatro Political Dos,Malou Jacob,,,"Banned in 2022 by the Commission on the Filipino Language (KWF) from public libraries and schools for being ""anti-government"". The works are previously published under the auspices of the KWF.[179]",,,,,,,,,
Philippines,Kalatas: Mga Kuwentong Bayan at Kuwentong Buhay,Rommel Rodriguez,,,"Banned in 2022 by the Commission on the Filipino Language (KWF) from public libraries and schools for being ""anti-government"". The works are previously published under the auspices of the KWF.[179]",,,,,,,,,
Philippines,May Hadlang ang Umaga,Don Pagusara,,,"Banned in 2022 by the Commission on the Filipino Language (KWF) from public libraries and schools for being ""anti-government"". The works are previously published under the auspices of the KWF.[179]",,,,,,,,,
Philippines,Labas: Mga Palabas ng Sentro,Reuel Aguilla,,,"Banned in 2022 by the Commission on the Filipino Language (KWF) from public libraries and schools for being ""anti-government[179]",,,,,,,,,
Poland,Mirror of the Polish Crown (1618),Sebastian Miczyński,,Anti-Semitic pamphlet,"Because this pamphlet published in 1618 was one of the causes of the anti-Jewish riots in Cracow, it was banned by Sigismund III Vasa.[180]",1618,,,,,,,,
Poland,Mein Kampf (1925),Adolf Hitler,,Political manifesto,Banned until 1992.[126],1925,,,,,,,,
Portugal,História do Mundo para as Crianças (pt),Monteiro Lobato,,Novel,"The books was banned by the Portuguese government without any clear reason. According to the author, one possible reason was because he was from the ""current of thought what claims that the discovery of Brazil happened 'by random'"" or by the fact he ""have registered the history of the 1600 years cut to the Arabian navy by Vasco da Gama"".[181]",1933,,,,,,,,
Portugal,New Portuguese Letters (Novas Cartas Portuguesas),"Maria Isabel Barreno, Maria Teresa Horta and Maria Velho da Costa",,,"Banned as ""pornographic and an offense to public morals""; authors charged with ""abuse of the freedom of the press"" and ""outrage to public decency""; uplifted after the Carnation Revolution in 1974.[182]",1972,,,,,,,,
Qatar,The Boys,Garth Ennis,,Comic book series,Banned in Qatar in 2012.[183][further explanation needed],2012,,,,,,,,
Qatar,The Man Who Wouldn't Stand Up (2012),Jacob M. Appel,,Novel,Banned in Qatar in 2014 for its depiction of Islam.[184],2012,,,,,,,,
Qatar,Love Comes Later (2014),Mohanalakshmi Rajakumar,,Novel,Banned in Qatar.[185],2014,,,,,,,,
Roman Empire,Thalia,Arius (AD 250 or 256 – 336),,"Theological tract, partly in verse","Banned in the Roman Empire in the 330s+ for contradicting Trinitarianism. All of Arius writings were ordered burned and Arius exiled, and presumably assassinated for his writings.[186] Banned by the Catholic Church for the next thousand plus years.[citation needed]",,,,,,,,,
Russia,Quran,Unknown,,Religious text,"In 2013, a Russian court censored the text under the country's 'extremism' laws.[187]",,,,,,,,,
Russia,Rights of Man (1791),Thomas Paine,,Political theory,Banned in Tsarist Russia after the Decembrist revolt.[188],1791,,,,,,,,
Russia,The Communist Manifesto,Karl Marx and Friedrich Engels,,Political Manifesto,"Prohibited by several countries, including Tsarist Russia.[123]",1848,,,,,,,,
Russia,Works,Friedrich Nietzsche,,Non-fiction,"Banned in Soviet Union since 1923 on proposal of Nadezhda Krupskaya. All works were placed on the list of forbidden books and kept in libraries only for restricted, authorized use.[189]",1872–1901,,,,,,,,
Russia,Looking Backward,Edward Bellamy,,Novel,Prohibited by the Tsarist Russian censors.[190],1888,,,,,,,,
Russia,The Protocols of the Elders of Zion (1903),Unknown,,"A forgery, portraying a Jewish conspiracy to take over the world","Banned in various libraries and many attempts to ban in various nations, such as in Russia.[citation needed]",1903,,,,,,,,
Russia,Mein Kampf (1925),Adolf Hitler,,Political manifesto,Banned in the Russian Federation as extremist.[191],1925,,,,,,,,
Russia,Animal Farm,George Orwell,,Political novella,"Completed in 1943, Orwell found that no publisher would print the book, due to its criticism of the USSR, an important ally of Britain in the War.[192] Once published, the book was banned in the USSR and other communist countries.[193]",1945,,,,,,,,
Russia,Nineteen Eighty-Four (1949),George Orwell,,Novel,"Banned by the Soviet Union[126] in 1950, as Stalin understood that it was a satire based on his leadership. It was not until 1990 that the Soviet Union legalised the book and it was re-released after editing.[194]",1949,,,,,,,,
Russia,Doctor Zhivago,Boris Pasternak,,Novel,"Banned in the Soviet Union until 1988 for criticizing life in Russia after the Russian Revolution. When its author, Boris Pasternak, won the Nobel Prize for Literature in 1958 he was forced to reject it under government pressure.[126]",1955–1988,,,,,,,,
Russia,One Day in the Life of Ivan Denisovich (1962),Alexander Solzhenitsyn,,Novel,Banned from publication in the Soviet Union in 1964.[136],1962,,,,,,,,
Russia,The First Circle (1968),Aleksandr Solzhenitsyn,,Novel,"After Nikita Khrushchev was removed from power in 1964, all extant and forthcoming works by Aleksandr Solzhenitsyn were banned in the Soviet Union. This work details the lives of scientists forced to work in a Stalinist research center.[195]",1968,,,,,,,,
Russia,The Gulag Archipelago (1973),Aleksandr Solzhenitsyn,,Non-fiction,"Banned in the Soviet Union because it went against the image the Soviet Government tried to project of itself and its policies.[196] However, it has been available in the former Soviet Union since at least the 1980s. In 2009, the Education Ministry of Russia added The Gulag Archipelago to the curriculum for high-school students.[197]",1973,,,,,,,,
Russia,Apocalypse Culture,Adam Parfrey,,Non-fiction,"Collection of articles, interviews, and documents that explore the various marginal aspects of culture. It was banned in Russia in July 2006 by court order for propaganda of drug use, owing to inclusion of David Woodard's essay ""The Ketamine Necromance"", after its first and only Russian publication by Ultra.Kultura (Ультра.Культура). All printed copies of that Russian edition were destroyed.",1987,,,,,,,,
Russia,Siege,James Mason,,Non-fiction,"Anthology of essays advocating for neo-Nazi revolution through terrorism. Banned on August 14, 2023.[198]",1992,,,,,,,,
Saudi Arabia,Queen of Sheba and Biblical Scholarship,Bernard Leeman,,History,Currently banned in Saudi Arabia for suggesting the Hebrews originated in Yemen and their Israelite successors established their original pre-586 B.C.E. kingdoms of Israel and Judah between Medina and Yemen.[citation needed],,,,,,,,,
Saudi Arabia,Goat Days,Benyamin & Joseph Koyippally,,Novel,Currently banned in Saudi Arabia.[199][200],2008,,,,,,,,
Saudi Arabia,Fazail-e-Amaal,Muhammad Zakariya Kandhlawi,,Sufi evangalism,Currently banned in Saudi Arabia.[201][202],Sometime between the 1920s and 1950s,,,,,,,,
Senegal,The Satanic Verses (1988),Salman Rushdie,,Novel,Banned for blasphemy against Islam.[32],1988,,,,,,,,
Singapore,"Value, Price and Profit",Karl Marx,,Non-fiction,Banned under the Internal Security (Prohibition of Publications) (Consolidation) Order.[203],1865,,,,,,,,
Singapore,"Origin of Family, Private Property and State",Friedrich Engels,,Non-fiction,Banned under the Internal Security (Prohibition of Publications) (Consolidation) Order.[203],1884,,,,,,,,
Singapore,"One Step Forward, Two Steps Back",Vladimir Lenin,,Non-fiction,Banned under the Internal Security (Prohibition of Publications) (Consolidation) Order.[203],1904,,,,,,,,
Singapore,Theories of Surplus Value,Karl Marx,,Non-fiction,Banned under the Internal Security (Prohibition of Publications) (Consolidation) Order.[203],1905,,,,,,,,
Singapore,Two Tactics of Social Democracy in the Democratic Revolution,Vladimir Lenin,,Non-fiction,Banned under the Internal Security (Prohibition of Publications) (Consolidation) Order.[203],1905,,,,,,,,
Singapore,Anarchism or Socialism?,Joseph Stalin,,Non-fiction,Banned under the Internal Security (Prohibition of Publications) (Consolidation) Order.[203],1907,,,,,,,,
Singapore,Fundamental Problems of Marxism,Georgi Plekhanov,,Political pamphlet,Banned under the Internal Security (Prohibition of Publications) (Consolidation) Order.[203],1908,,,,,,,,
Singapore,Heroines of the Modern Progress,Elmer C. Adams,,Non-fiction,Banned under the Internal Security (Prohibition of Publications) (Consolidation) Order.[203],1913,,,,,,,,
Singapore,The Right of Nations to Self-Determination,Vladimir Lenin,,Non-fiction,Banned under the Internal Security (Prohibition of Publications) (Consolidation) Order.[203],1914,,,,,,,,
Singapore,What Is to Be Done?,Vladimir Lenin,,Non-fiction,Banned under the Internal Security (Prohibition of Publications) (Consolidation) Order.[203],1917,,,,,,,,
Singapore,"Imperialism, the Highest Stage of Capitalism",Vladimir Lenin,,Non-fiction,Banned under the Internal Security (Prohibition of Publications) (Consolidation) Order.[203],1917,,,,,,,,
Singapore,State and Revolution,Vladimir Lenin,,Non-fiction,Banned under the Internal Security (Prohibition of Publications) (Consolidation) Order.[203],1917,,,,,,,,
Singapore,The Proletarian Revolution and the Renegade Kautsky,Vladimir Lenin,,Non-fiction,Banned under the Internal Security (Prohibition of Publications) (Consolidation) Order.[203],1918,,,,,,,,
Singapore,Friedrich Engels: A Biography,Gustav Mayer,,Biography,Banned under the Internal Security (Prohibition of Publications) (Consolidation) Order.[203],1920,,,,,,,,
Singapore,"""Left-Wing"" Communism: An Infantile Disorder",Vladimir Lenin,,Non-fiction,Banned under the Internal Security (Prohibition of Publications) (Consolidation) Order.[203],1920,,,,,,,,
Singapore,On Cooperation,Vladimir Lenin,,Non-fiction,Banned under the Internal Security (Prohibition of Publications) (Consolidation) Order.[203],1923,,,,,,,,
Singapore,Problems of Leninism,Joseph Stalin,,Non-fiction,Banned under the Internal Security (Prohibition of Publications) (Consolidation) Order.[203],1926,,,,,,,,
Singapore,"Time, Forward!",Valentin Katayev,,Novel,Banned under the Internal Security (Prohibition of Publications) (Consolidation) Order.[203],1932,,,,,,,,
Singapore,How the Steel Was Tempered,Nikolai Ostrovsky,,Novel,Banned under the Internal Security (Prohibition of Publications) (Consolidation) Order.[203],1936,,,,,,,,
Singapore,Marxism and the National and Colonial Question,Joseph Stalin,,Non-fiction,Banned under the Internal Security (Prohibition of Publications) (Consolidation) Order.[203],1937,,,,,,,,
Singapore,Combat Liberalism,Mao Zedong,,Non-fiction,Banned under the Internal Security (Prohibition of Publications) (Consolidation) Order.[203],1937,,,,,,,,
Singapore,The A to Z of the Soviet Union,Alex Page,,Non-fiction,Banned under the Internal Security (Prohibition of Publications) (Consolidation) Order.[203],1946,,,,,,,,
Singapore,Aspects of China's Anti-Japanese Struggle,Mao Zedong,,Non-fiction,Banned under the Internal Security (Prohibition of Publications) (Consolidation) Order.[203],1948,,,,,,,,
Singapore,The Case for Communism,William Gallacher,,Non-fiction,Banned under the Internal Security (Prohibition of Publications) (Consolidation) Order.[203],1949,,,,,,,,
Singapore,Twilight of World Capitalism,William Z. Foster,,Non-fiction,Banned under the Internal Security (Prohibition of Publications) (Consolidation) Order.[203],1949,,,,,,,,
Singapore,Concerning Marxism in Linguistics,Joseph Stalin,,Non-fiction,Banned under the Internal Security (Prohibition of Publications) (Consolidation) Order.[203],1950,,,,,,,,
Singapore,The Social and State Structure of the USSR,Alexander Karpinsky,,Non-fiction,Banned under the Internal Security (Prohibition of Publications) (Consolidation) Order.[203],1952,,,,,,,,
Singapore,The Satanic Verses,Salman Rushdie,,Novel,Banned in 1989 for blasphemy against Islam.[32][204],1988,,,,,,,,
Singapore,What Islam Is All About,Yahiya Emerick,,Religious education,"Banned in 2018 for ""promoting enmity among different religious communities"".[205][206][207]",1997,,,,,,,,
Singapore,The Wisdom of Jihad,Abuhuraira Abdurrahman,,Non-fiction,"Banned in 2018 for ""promoting enmity among different religious communities"".[205][206][207]",2005,,,,,,,,
Singapore,Things that Nullify One's Islaam,Shaykh al-Islaam Muhammad ibn 'Abdil-Wahhaab,,Non-fiction,"Banned in 2018 for ""promoting enmity among different religious communities"".[205][206][207]",2013,,,,,,,,
Singapore,Red Lines: Political Cartoons and the Struggle Against Censorship,Cherian George and Sonny Liew,,Non-fiction,Banned in 2021 for offensive content against Muslims.[208],2021,,,,,,,,
South Africa,Frankenstein (1818),Mary Shelley,,Novel,"Banned in apartheid South Africa in 1955 for containing ""obscene"" or ""indecent"" material.[133]",1818,,,,,,,,
South Africa,"""The Lottery"" (1948)",Shirley Jackson,,Short story,Banned in South Africa during Apartheid.[209],1948,,,,,,,,
South Africa,Lolita (1955),Vladimir Nabokov,,Novel,"Banned for being ""obscene"".[4]",1955,,,,,,,,
South Africa,A World of Strangers,Nadine Gordimer,,Novel,Banned in South Africa because of its criticism of Apartheid.[210],1958,,,,,,,,
South Africa,Why We Can't Wait,Martin Luther King Jr.,,Non-fiction,Banned in South Africa because of its criticism of white supremacy.[211],1964,,,,,,,,
South Africa,The First Book of Africa,Langston Hughes,,Non-fiction; Children's book,Banned in South Africa for its celebration of Black African culture.[211],1964,,,,,,,,
South Africa,The Autobiography of Malcolm X,Malcolm X with Alex Haley,,Non-fiction,Banned in South Africa because of its criticism of white supremacy.[211],1965,,,,,,,,
South Africa,Black Power: The Politics of Liberation,Stokely Carmichael and Charles V. Hamilton,,Non-fiction,Banned in South Africa because of its criticism of white supremacy.[211],1967,,,,,,,,
South Africa,Soul on Ice,Eldridge Cleaver,,Non-fiction,"Banned in South Africa because of its criticism of white supremacy, and its sexual content.[211]",1968,,,,,,,,
South Africa,The Satanic Bible (1969),Anton LaVey,,Religious text,Banned during apartheid in South Africa from 1973 to 1993 for moral reasons.[212],1969,,,,,,,,
South Africa,The Struggle Is My Life,Nelson Mandela,,Non-fiction,Banned in Apartheid South Africa until 1990.[213],1978,,,,,,,,
South Africa,Burger's Daughter,Nadine Gordimer,,Novel,Banned in South Africa in July 1979 for going against the government's racial policies; the ban was reversed in October of the same year.[136],1979,,,,,,,,
South Africa,July's People (1981),Nadine Gordimer,,Novel,Banned during the Apartheid-era in South Africa.[214] July's People is now included in the South African school curriculum.[215],1981,,,,,,,,
South Korea,Year 501: The Conquest Continues,Noam Chomsky,,Politics,"Banned from distribution within the South Korean military as part of 23 books banned on August 1, 2008 by the South Korean Ministry of National Defense in response to intelligence suggesting a book-distribution campaign to active-duty soldiers by the pro-North Korean Hanchongnyon.[216] The books were classified into three categories: 11 for praise of North Korea, 10 for anti-government/anti-American content, and 2 for anti-capitalism.[217][218]",,,,,,,,,2000.0
South Korea,What Uncle Sam Really Wants,Noam Chomsky,,Politics,"Banned from distribution within the South Korean military as part of 23 books banned on August 1, 2008 by the South Korean Ministry of National Defense in response to intelligence suggesting a book-distribution campaign to active-duty soldiers by the pro-North Korean Hanchongnyon.[216] The books were classified into three categories: 11 for praise of North Korea, 10 for anti-government/anti-American content, and 2 for anti-capitalism.[217][218]",,,,,,,,,2007.0
South Korea,Guerillas of the Kingdom of Samsung,Pressian,,Politics,"Banned from distribution within the South Korean military as part of 23 books banned on August 1, 2008 by the South Korean Ministry of National Defense in response to intelligence suggesting a book-distribution campaign to active-duty soldiers by the pro-North Korean Hanchongnyon.[216] The books were classified into three categories: 11 for praise of North Korea, 10 for anti-government/anti-American content, and 2 for anti-capitalism.[217][218]",,,,,,,,,2008.0
South Korea,Auf Der Universität,Theodor Storm,,Politics,"Banned from distribution within the South Korean military as part of 23 books banned on August 1, 2008 by the South Korean Ministry of National Defense in response to intelligence suggesting a book-distribution campaign to active-duty soldiers by the pro-North Korean Hanchongnyon.[216] The books were classified into three categories: 11 for praise of North Korea, 10 for anti-government/anti-American content, and 2 for anti-capitalism.[217][218]",,,,,,,,,1999.0
South Korea,The Global Trap,Hans-Peter Martin and Harald Schumann,,Politics,"Banned from distribution within the South Korean military as part of 23 books banned on August 1, 2008 by the South Korean Ministry of National Defense in response to intelligence suggesting a book-distribution campaign to active-duty soldiers by the pro-North Korean Hanchongnyon.[216] The books were classified into three categories: 11 for praise of North Korea, 10 for anti-government/anti-American content, and 2 for anti-capitalism.[217][218]",,,,,,,,,2003.0
South Korea,Bad Samaritans: The Myth of Free Trade and the Secret History of Capitalism,Ha-Joon Chang,,Non-fiction,"Banned from distribution within the South Korean military as part of 23 books banned on August 1, 2008 by the South Korean Ministry of National Defense in response to intelligence suggesting a book-distribution campaign to active-duty soldiers by the pro-North Korean Hanchongnyon.[216] The books were classified into three categories: 11 for praise of North Korea, 10 for anti-government/anti-American content, and 2 for anti-capitalism.[217][218]",,,,,,,,,2007.0
South Korea,One Spoon on This Earth,Hyun Ki-young,,Novel,"Banned from distribution within the South Korean military as part of 23 books banned on August 1, 2008 by the South Korean Ministry of National Defense in response to intelligence suggesting a book-distribution campaign to active-duty soldiers by the pro-North Korean Hanchongnyon.[216] The books were classified into three categories: 11 for praise of North Korea, 10 for anti-government/anti-American content, and 2 for anti-capitalism.[217][218]",,,,,,,,,1999.0
South Korea,Slots,Shin Gyeong-jin,,Novel,"Banned as part of 19 books added in August 2011 to the 2008 banned book list, all belonging to the 'anti-capitalism' category.[219]",,,,,,,,,2007.0
South Korea,"Respect, Everything A Guy Needs to Know about Sex, Love and Consent",Inti Chavez Perez,,Non-fiction,"Banned from distribution to readers below the age of 19 through schools, libraries and book stores in 2024 by the South Korean Ministry of Culture, Sports and Tourism. The book was reported to authorities as part of a campaign against books on sex education.[220]",,,,,,,,,2020.0
Spain,Works,Johannes Kepler,,Non-fiction,Banned by Habsburg Monarchy of Spain for perceived heresy.[221],1596–1634,,,,,,,,
Spain,Works,Voltaire,,"Novels, Plays, Non-fiction","Voltaire's entire body of work was banned by the Bourbon Monarchy of Spain, after it was condemned by the Spanish Inquisition.[222]",1727–1778,,,,,,,,
Spain,Works,Vicente Blasco Ibáñez,,"Novels, Non-fiction",All of Blasco Ibáñez's books were banned by the Franco government in 1939.[223],1892–1928,,,,,,,,
Spain,A Short History of the World,H. G. Wells,,Non-fiction,"An expanded, Spanish-language translation of A Short History of the World, discussing recent world events, was banned by Spanish censors in 1940. This edition of A Short History was not published in Spain until 1963. In two 1948 reports, Spanish censors gave a list of objections to the books's publication. These were that the book ""shows socialist inclinations, attacks the Catholic Church, gives a twisted interpretation of the Spanish Civil War and the Spanish National Movement, and contains 'tortuous concepts'.""[224]",1922,,,,,,,,
Spain,Ulysses,James Joyce,,Novel,The complete 1945 Spanish-language translation of Ulysses was suppressed by the Spanish authorities until 1962.[225],1922,,,,,,,,
Spain,The Story of Ferdinand,Munro Leaf,,Children's fiction,Banned in Francoist Spain.[129],1936,,,,,,,,
Spain,Homage to Catalonia,George Orwell,,Non-fiction,Banned in Francoist Spain for its support of the Republican faction during the Spanish Civil War.[226],1938,,,,,,,,
Spain,For Whom The Bell Tolls,Ernest Hemingway,,Novel,Suppressed by the Spanish authorities until 1968.[227],1940,,,,,,,,
Spain,Works,Federico García Lorca,,"Poetry, drama",Banned until 1954; published in Argentina.[228],1939,,,,,,,,
Spain,You Can't Be Too Careful,H. G. Wells,,Novel,"Banned in Francoist Spain for criticizing Christianity, and for mentioning the Bombing of Guernica by the Axis air forces.[229]",1941,,,,,,,,
Spain,The Spanish Labyrinth,Gerald Brenan,,Non-fiction,Banned in Francoist Spain because of its strong criticism of the Nationalist Faction's actions during the Spanish Civil War.[230],1943,,,,,,,,
Spain,The Second Sex,Simone de Beauvoir,,Non-fiction,Banned in Francoist Spain for its advocacy of feminism.[231],1949,,,,,,,,
Spain,The Hive,Camilo José Cela,,Fiction,Banned by censors of Francoist Spain.[232],1950,,,,,,,,
Spain,The Spanish Civil War,Hugh Thomas,,Non-fiction,"Banned by censors of Francoist Spain for its negative depiction of the Nationalist Faction during the Civil War, and its critique of the Franco regime.[233]",1961,,,,,,,,
Spain,The Death of Lorca,Ian Gibson,,Biography,Banned briefly in Spain.[234],1971,,,,,,,,
Sri Lanka,The Satanic Verses (1988),Salman Rushdie,,Novel,Banned for blasphemy against Islam.[32],1988,,,,,,,,
Tanzania,The Satanic Verses (1988),Salman Rushdie,,Novel,Banned for blasphemy against Islam.[32],1988,,,,,,,,
Taiwan,Various works,Shen Congwen,,Novels,"""Denounced by the Communists and Nationalists alike, Mr. Shen saw his writings banned in Taiwan, while mainland China publishing houses burned his books and destroyed printing plates for his novels.""[235]",1902–1988,,,,,,,,
Thailand,The Devil's Discus,Rayne Kruger,,Non-fiction,Banned in Thailand in 2006 for violating the country's lese-majesté rules through its discussion of the murder of Thailand's king in 1946.[236][further explanation needed],1964,,,,,,,,
Thailand,The Satanic Verses (1988),Salman Rushdie,,Novel,Banned for blasphemy against Islam.[32],1988,,,,,,,,
Thailand,The King Never Smiles (2006),Paul M. Handley,,Biography,Banned in Thailand for its criticism of King Bhumibol Adulyadej.[237],2006,,,,,,,,
Thailand,Rama X: The Thai Monarchy under King Vajiralongkorn (2006),Pavin Chachavalpongpun,,Biography,Banned in Thailand for its criticism of King Vajiralongkorn.[238],2024,,,,,,,,
United Arab Emirates,Animal Farm,George Orwell,,Political novella,"In 2002, the novel was banned in the schools of the United Arab Emirates, because it contained text or images that would go against Islamic values, most notably an anthropomorphic, talking pig as the leader of the farm. However, the ban is no longer enforced and has been recently lifted.[136]",1945,,,,,,,,
United Arab Emirates,Goat Days,Benyamin & Joseph Koyippally,,Novel,,2008,,,,,,,,
United Kingdom,Areopagitica,John Milton,,Essay,Banned in the Kingdom of England for political reasons.[239],1644,1644,1695,,,,,,
United Kingdom,Fanny Hill or Memoirs of a Woman of Pleasure,John Cleland,,Novel,Banned in the UK till after the Second World War.[240],1748,1749,1970,,,,,,
United Kingdom,Rights of Man,Thomas Paine,,Political theory,Banned in the UK and author charged with treason for supporting the French Revolution.[133],1791,1792,Pre-1990 *Unknown*,,,,,,
United Kingdom,Despised and Rejected,Rose Laure Allatini (under the pseudonym A. T. Fitzroy),,Novel,"Banned under the UK's Defence of the Realm Act for criticizing Britain's involvement in World War I, and for sympathetically depicting male homosexuality.[242]",1918,1918,1975[241],,,,,,
United Kingdom,Ulysses (1922),James Joyce,,Novel,Banned in the UK until 1936.[243][244],1922,,1936,,,,,,
United Kingdom,Lady Chatterley's Lover (1928),D. H. Lawrence,,Novel,Banned in the United Kingdom for violation of obscenity laws; the ban was lifted in 1960. [245],1928,,1960,,,,,,
United Kingdom,The Well of Loneliness (1928),Radclyffe Hall,,Novel,Banned in the UK in 1928 for its lesbian theme; republished in 1949.[246],1928,1928,1949,,,,,,
United Kingdom,Boy,James Hanley,,Novel,Proscuted in 1934 after Hanley's publisher Boriswood lost a court case against a charge of obscenity.[247] Reprinted in 1992 by Penguin Books and André Deutsch.,1931,1934,1992,,,,,,
United Kingdom,Lolita,Vladimir Nabokov,,Novel,"Banned for being ""obscene"".[4]",1955,1955,1959[248],,,,,,
United Kingdom,Last Exit to Brooklyn,Hubert Selby Jr.,,Anthology of short stories,"Banned in Soho for frank depictions of taboo subjects, such as drug use, street violence, homosexuality, gender identity and domestic violence.[249]",1966 (in the UK),1967,1968,,,,,,
United Kingdom,Spycatcher,Peter Wright,,Autobiography,Banned in the UK 1985–1988 for revealing secrets. Wright was a former MI5 intelligence officer and his book was banned before it was even published in 1987.[250][251],1985,1985,1988,,,,,,
United Kingdom,Lord Horror,David Britton,,Novel,Banned in England in 1991 where it was found obscene; it is currently the last book to be banned in the UK. The judge ordered the remaining print run to be destroyed. The ban was lifted in the Appeal Court in July 1992 but the book remains out of print.[252],1990,1991,1992,,,,,,
United Kingdom,The Anarchist Cookbook,William Powell,,Instructional,Criminal due to containing information useful to terrorists.[253][254],1971,*Unknown*,*Unknown*,,,,,,
United Kingdom,Kill or Get Killed,Rex Applegate,,Instructional,Criminal due to containing information useful to terrorists.[253][254],1976,*Unknown*,*Unknown*,,,,,,
United Kingdom,Put 'Em Down. Take 'Em Out. Knife Fighting Techniques From Folsom Prison,Don Pentecost,,Instructional,Criminal due to containing information useful to terrorists.[253][254],*Unknown*,*Unknown*,*Unknown*,,,,,,
United States,The Decameron,Giovanni Boccaccio,,Story collection,"Banned from US mail under the Federal Anti-Obscenity Act (Comstock Law) of 1873, which banned the sending or receiving of works containing ""obscene"", ""filthy"", or ""inappropriate"" material.[133]",1353,,,,,,,,
United States,The Canterbury Tales,Geoffrey Chaucer,,Story collection,"Banned from US mail under the Federal Anti-Obscenity Act (Comstock Law) of 1873, which banned the sending or receiving of works containing ""obscene"", ""filthy"", or ""inappropriate"" material. U.S. obscenity laws were overturned in 1959 by the Supreme Court in Kingsley Pictures Corp. v. Regents.[255][256][133]",late 14th century,,,,,,,,
United States,The Meritorious Price of Our Redemption (1650),William Pynchon,,Religious critique,"The first book banned in the New World. Pynchon, a prominent leader of the Massachusetts Bay Colony who, in 1636, founded the City of Springfield, Massachusetts, wrote this explicit critique of Puritanism, published in London in 1650. That year, several copies made their way back to the New World. Pynchon, who resided in Springfield, was unaware that his book suffered the New World's first book burning, on the Boston Common. Accused of heresy by the Massachusetts General Court, Pynchon quietly transferred ownership of the Connecticut River Valley's largest land-holdings to his son, and then suffered indignities as he left the New World for England. It was the first work banned in Boston.[257]",1650,,,,,,,,
United States,Moll Flanders or The Fortunes and Misfortunes of the Famous Moll Flanders (1722),Daniel Defoe,,Novel,"Banned from US mail under the Federal Anti-Obscenity Act (Comstock Law) of 1873, which banned the sending or receiving of works containing ""obscene"", ""filthy"", or ""inappropriate"" material. U.S. obscenity laws were overturned in 1959 by the Supreme Court in Kingsley Pictures Corp. v. Regents.[255][256][258]",1722,,,,,,,,
United States,Fanny Hill or Memoirs of a Woman of Pleasure,John Cleland,,Novel,"Banned in the US in 1821 for obscenity, then again in 1963. This was the last book ever banned by the US government. U.S. obscenity laws were overturned in 1959 by the Supreme Court in Kingsley Pictures Corp. v. Regents.[255][256][127] See also Memoirs v. Massachusetts.",1748,,,,,,,,
United States,Candide,Voltaire,,Novel,Seized by US Customs in 1930 for obscenity. U.S. obscenity laws were overturned in 1959 by the Supreme Court in Kingsley Pictures Corp. v. Regents.[255][256][133],1759,,,,,,,,
United States,Uncle Tom's Cabin (1852),Harriet Beecher Stowe,,Novel,"Banned in the Confederate States during the Civil War because of its anti-slavery content. In 1852, Uncle Tom's Cabin was banned in Russia in the reign of Nicholas I because of the idea of equality it presented, and for its ""undermining religious ideals"".[136]",1852,,,,,,,,
United States,Elmer Gantry,Sinclair Lewis,,Novel,"Banned in Boston, Massachusetts, Kansas City, Missouri, Camden, New Jersey, and other US cities, this novel by Sinclair focused on religiosity and hypocrisy in the United States during the 1920s by depicting a preacher (the Reverend Dr. Elmer Gantry) as a protagonist who preferred easy money, alcohol, and ""enticing young girls"" to saving souls, while converting a traveling tent revival crusade into a profitable and permanent evangelical church and radio empire for his employers. Elmer Gantry also widely denounced from pulpits across the United States at the time of its initial publication. U.S. obscenity laws were overturned in 1959 by the Supreme Court in Kingsley Pictures Corp. v. Regents.[255][256][259][260]",1927,,,,,,,,
United States,Lady Chatterley's Lover (1928),D. H. Lawrence,,Novel,Temporarily banned in the United States for violation of obscenity laws; the ban was lifted in 1959.[clarification needed][8],1928,,,,,,,,
United States,Tropic of Cancer (1934),Henry Miller,,Novel (fictionalized memoir),"Banned in the US in the 1930s until the early 1960s, seized by US Customs for sexually explicit content and vulgarity. The rest of Miller's work was also banned by the US.[261] Also banned in South Africa until the late 1980s.[262]",1934,,,,,,,,
United States,The Grapes of Wrath (1939),John Steinbeck,,Novel,"Was temporarily banned in many places in the US. In the state of California in which it was partially set, it was banned for its alleged unflattering portrayal of residents of the area.[263]",1939,,,,,,,,
United States,Forever Amber (1944),Kathleen Winsor,,Novel,Banned in fourteen states in the US. Ban was lifted by an appeals court judge.[15][16],1944,,,,,,,,
United States,Memoirs of Hecate County (1946),Edmund Wilson,,Novel,Banned in the state of New York by the Supreme Court.[264],1946,,,,,,,,
United States,Howl (1955),Allen Ginsberg,,Poem,"Copies of the first edition seized by San Francisco Customs for obscenity in March 1957; after trial, obscenity charges were dismissed.[265]",1955,,,,,,,,
United States,Naked Lunch (1959),William S. Burroughs,,Novel,"Banned by Boston courts in 1962 for obscenity, but that decision was reversed in 1966 by the Massachusetts Supreme Judicial Court.[266]",1959,,,,,,,,
United States,Pedagogy of the Oppressed,Paulo Freire,,Educative Theory,"Banned in Tucson, Arizona.[267]",1968,,,,,,,,
United States,"United States – Vietnam Relations, 1945–1967: A Study Prepared by the Department of Defense (1971)",Robert McNamara and the United States Department of Defense,,Government study,Also known as the Pentagon Papers. US President Nixon attempted to suspend publication of classified information. The restraint was lifted by the US Supreme Court in a 6–3 decision.[268] See also New York Times Co. v. United States.,1971,,,,,,,,
United States,The Federal Mafia,Irwin Schiff,,Non-fiction,An injunction was issued by a US District Court in Nevada under 26 U.S.C. § 7408 against Irwin Schiff and associates Cynthia Neun and Lawrence Cohen against the sale of this book by those persons as the court found that the information it contains is fraudulent.[269],1992,,,,,,,,
United States,Operation Dark Heart (2010) – oop,Army Reserve Lt. Col. Anthony Shaffer,,Memoir,"In September 2010 the U.S. Department of Defense (DoD) overrode the Army's January approval for publication. The DoD then purchased and destroyed all 9,500 first edition copies, citing concerns that it contained classified information which could damage national security. The publisher, St. Martin's Press,[270] in conjunction with the DoD created a second, redacted edition; which contains blacked out words, lines, paragraphs, and portions of the index.[271]",2010,,,,,,,,
Uzbekistan,Works,Hamid Ismailov,,"Novels, poems, journalist writing",Author in exile since 1994 and all his works are banned for being critical of the government.[272][273][274],–,,,,,,,,
Vietnam,Animal Farm,George Orwell,,Political commentary,"Vietnamese translations are banned[275][276] on the grounds of ""promoting false socialism ideology"" [277]",1945,,,,,,,,
Vietnam,1984,George Orwell,,Political novella,The book was unable to get certification for publication thus making it banned in Vietnam [278],1949,,,,,,,,
Vietnam,"""Mourning Headband for Hue: An Account of the Battle for Hue, Vietnam 1968""",Nha Ca,,Nonfiction,The book was banned for its criticism of the actions of the national liberation front and for acknowledging the 1968 massacre of 6000 civilians in Huế,1969,,,,,,,,
Vietnam,Paradise of the Blind,Dương Thu Hương,,"Novel, Literary fiction",Banned in Vietnam for criticism on the political party in control.[279],1988,,,,,,,,
Vietnam,No Man's Land,Dương Thu Hương,,"Novel, Literary fiction",Banned in Vietnam for criticism of the Vietnamese Communist Party.[280][281][282],2005,,,,,,,,
Vietnam,Politics for Everyone (Chính Trị Bình Dân),Phạm Đoan Trang,,Non-fiction,Banned in Vietnam on the grounds of political sensitivity.[283][284][285],2017,,,,,,,,
Vietnam,Road To Serfdom,Friedrich Hayek,,Political Philosophy,"Banned due to criticism of the socialist state, especially the planned economy which would inevitably lead to totalitarianism. [286][287]",1944,,,,,,,,
Vietnam,A Tale for 2000 (Chuyện Kể Năm 2000),Bùi Ngọc Tuấn,,Political Commentary,"The author talked about his experience being imprisoned in a ""Vietnamese Gulag"" for ""Anti-revolutionary propaganda""[288] The book was banned with all copies ordered to be destroyed following the Decision No. 395 Regulation of the then Ministry of Culture and Information for violating Clauses 1 and 2 of the Article 33, Publishing Law. Which prohibits works criticising the Vietnamese Communist Party and propaganda going against the interests of the state. [289][290][291]",2000,,,,,,,,
Vietnam,The Winning Side (Bên Thắng Cuộc),Huy Đức,,Non-ficton,"Due to publications within Vietnam had refused to publish, the author decided to print himself and released it on Amazon. Although it has not been officially banned, the Vietnamese Government had seized and question those who had them.[292][293][294][295] This book was considered to be significant as it has provided insights that scholars had never seen before, while it had received a lot of criticism from Vietnamese state media.[296][297]",2012,,,,,,,,
Vietnam,A Dusty Wind (Một Cơn Gió Bụi),Trần Trọng Kim,,"Biography, political commentary","Banned in Vietnam for being ""inappropriate, not objective, and containing unverified information"" thus violating the Vietnamese Publishing Law, which tends to happen to the biographies of historical characters deemed to be ""controversial""[Note 1] by the government.[298][299][300]",2017,,,,,,,,
Yugoslavia,The Nickel-Plated-Feet Gang During the Occupation (Les Pieds nickelés dans le maquis),Successors of Louis Forton,,Comic book,Banned in Yugoslavia by court order in 1945.[301],1879–1934,,,,,,,,
Yugoslavia,About a Silence in Literature,Živorad Stojković,,Essay,Banned in Yugoslavia by court order in 1951.[301][citation needed],,,,,,,,,
Yugoslavia,The New Class: An Analysis of the Communist System (1957),Milovan Đilas,,,"Banned in Yugoslavia by court order in 1957; author sentenced for enemy propaganda to seven years in prison, prolonged to 13 years in 1962.[302]",1957,,,,,,,,
Yugoslavia,Curved River,Živojin Pavlović,,Story collection,In 1963 in Yugoslavia withdrawn by the publisher (Nolit) at request of SDB officials.[302],1963,,,,,,,,
Yugoslavia,Dictionary of Modern Serbo-Croatian Language,Miloš Moskovljević,,Dictionary,"Banned in Yugoslavia by court order in 1966, at request of Mirko Tepavac, because ""some definitions can cause disturbance among citizens"".[302]",,,,,,,,,
Yugoslavia,A Message to Man and Humanity,Aleksandar Cvetković,,,"Banned in Yugoslavia by court order in 1967 for ""false and wicked claims, and enemy propaganda that supports pro-Chinese politics"".[302]",,,,,,,,,
Yugoslavia,On Fierce Wound – Fierce Herb,Ratko Zakić,,,"Withdrawn from sales and destroyed after the decision of the Municipal Committee of the League of Communists of Kraljevo in Kraljevo, Yugoslavia in 1967.[302]",,,,,,,,,
Yugoslavia,Thoughts of a Corpse,Prvoslav Vujčić,,Poems,Banned in Yugoslavia by court order in 1983; republished in 2004.[301],,,,,,,,,
Yugoslavia,Storytellers II,Boško Novaković,,Short stories,Withdrawn from print in Yugoslavia in 1964 because it contained stories by Dragiša Vasić.[302],,,,,,,,,
Yugoslavia,Castration of the Wind,Prvoslav Vujčić,,Poems,Written in Tuzla prison in 1984. Banned in Yugoslavia by court order in 1984; republished in 2005.[301],,,,,,,,,
